                  epoch,         train/box_loss,         train/cls_loss,         train/dfl_loss,   metrics/precision(B),      metrics/recall(B),       metrics/mAP50(B),    metrics/mAP50-95(B),           val/box_loss,           val/cls_loss,           val/dfl_loss,                 lr/pg0,                 lr/pg1,                 lr/pg2
                      1,                 4.7963,                 5.3097,                 1.3469,                      0,                      0,                      0,                      0,                 3.4312,                 5.2069,                 1.0234,              9.996e-05,              9.996e-05,              9.996e-05
                      2,                 3.5638,                 4.9422,                0.98635,                      0,                      0,                      0,                      0,                 3.0881,                 4.9667,                0.89735,             0.00020248,             0.00020248,             0.00020248
                      3,                 3.1103,                 4.6366,                0.91353,                0.01012,                0.02755,                0.00951,                 0.0022,                 2.9821,                 4.4762,                0.87458,             0.00030398,             0.00030398,             0.00030398
                      4,                  2.996,                 4.3955,                0.87498,                0.04203,                0.09543,                0.03242,                0.01174,                 2.7353,                  3.972,                0.86074,              0.0003517,              0.0003517,              0.0003517
                      5,                 2.8603,                 4.1452,                0.86283,                 0.0299,                 0.1767,                0.02895,                0.00886,                 2.7879,                 3.7405,                0.86086,             0.00034993,             0.00034993,             0.00034993
                      6,                 2.7857,                  3.914,                0.84762,                0.05244,                0.29054,                0.06955,                0.02444,                 2.5459,                 3.3108,                0.84284,             0.00034816,             0.00034816,             0.00034816
                      7,                 2.7067,                 3.6744,                0.83195,                 0.0608,                0.34318,                0.09695,                0.03791,                 2.3502,                 3.1071,                0.83319,              0.0003464,              0.0003464,              0.0003464
                      8,                 2.6288,                 3.4644,                0.82901,                0.06645,                0.36306,                0.11017,                 0.0405,                  2.447,                 2.9252,                0.83369,             0.00034463,             0.00034463,             0.00034463
                      9,                 2.5471,                 3.2451,                 0.8333,                0.07133,                0.40466,                 0.1375,                0.05632,                 2.2542,                 2.7837,                0.82432,             0.00034286,             0.00034286,             0.00034286
                     10,                 2.5154,                  3.022,                0.81927,                0.11196,                0.31831,                0.14434,                0.05951,                 2.2578,                 2.5708,                 0.8214,              0.0003411,              0.0003411,              0.0003411
                     11,                 2.4947,                 2.8588,                0.80567,                0.45511,                0.16824,                0.17062,                0.07178,                 2.1948,                  2.303,                0.81965,             0.00033933,             0.00033933,             0.00033933
                     12,                 2.4383,                 2.6602,                0.80878,                0.49467,                0.17796,                0.19477,                0.08286,                 2.1389,                 2.2177,                0.81938,             0.00033756,             0.00033756,             0.00033756
                     13,                 2.3765,                 2.5021,                0.80402,                0.50828,                0.19207,                0.21975,                 0.0949,                 2.0867,                 2.1546,                0.81495,             0.00033579,             0.00033579,             0.00033579
                     14,                 2.3664,                 2.3769,                0.80061,                 0.4457,                0.26135,                0.24496,                0.09678,                  2.199,                 1.9152,                0.81622,             0.00033403,             0.00033403,             0.00033403
                     15,                  2.329,                 2.2544,                0.79714,                0.52253,                0.24654,                0.26012,                0.10757,                 2.0655,                 1.9267,                0.81446,             0.00033226,             0.00033226,             0.00033226
                     16,                 2.3175,                 2.1508,                0.79773,                0.46656,                0.28337,                0.29302,                0.12144,                 2.0367,                 1.7792,                0.81598,             0.00033049,             0.00033049,             0.00033049
                     17,                 2.3147,                 2.0722,                0.79678,                 0.5643,                0.30097,                 0.3089,                0.12083,                 2.0969,                 1.7889,                0.81241,             0.00032873,             0.00032873,             0.00032873
                     18,                 2.2683,                 1.9793,                0.79128,                0.47021,                0.31521,                0.31447,                0.13877,                  1.996,                 1.6352,                0.81415,             0.00032696,             0.00032696,             0.00032696
                     19,                 2.2935,                 1.9381,                0.79256,                 0.5905,                0.34036,                0.35035,                0.14851,                 2.0115,                 1.5994,                0.81432,             0.00032519,             0.00032519,             0.00032519
                     20,                 2.2079,                 1.8158,                0.78636,                0.58516,                0.34962,                0.39243,                0.16568,                  1.983,                 1.5433,                0.81352,             0.00032342,             0.00032342,             0.00032342
                     21,                 2.2196,                 1.7751,                0.79692,                0.60883,                0.34717,                0.38096,                0.15258,                 2.0515,                 1.5078,                0.81304,             0.00032166,             0.00032166,             0.00032166
                     22,                  2.248,                 1.7404,                0.79904,                0.62039,                0.37766,                0.43106,                0.17925,                 2.0055,                 1.4113,                0.81083,             0.00031989,             0.00031989,             0.00031989
                     23,                  2.205,                 1.6824,                0.79378,                0.66339,                0.36878,                0.42238,                0.18625,                 1.9415,                 1.3934,                  0.813,             0.00031812,             0.00031812,             0.00031812
                     24,                 2.1852,                 1.6242,                0.79247,                0.68048,                0.39888,                0.45847,                0.19866,                 1.9214,                  1.315,                0.81134,             0.00031636,             0.00031636,             0.00031636
                     25,                 2.2131,                 1.6124,                0.78679,                0.70117,                0.42691,                0.47296,                0.17284,                 2.0844,                 1.2444,                0.81094,             0.00031459,             0.00031459,             0.00031459
                     26,                 2.1785,                 1.5612,                 0.7891,                0.73386,                0.41063,                0.48338,                0.21043,                 1.9091,                 1.1834,                0.81068,             0.00031282,             0.00031282,             0.00031282
                     27,                 2.1627,                  1.532,                0.79201,                0.75217,                0.42319,                0.49057,                0.19779,                 2.0133,                 1.2198,                0.81654,             0.00031105,             0.00031105,             0.00031105
                     28,                 2.1589,                 1.4967,                 0.7853,                 0.7191,                0.44782,                0.52129,                0.21769,                 1.9408,                 1.1355,                0.80924,             0.00030929,             0.00030929,             0.00030929
                     29,                   2.17,                 1.4728,                0.79226,                0.72883,                0.43189,                0.51103,                0.21678,                 1.9266,                 1.2051,                0.80996,             0.00030752,             0.00030752,             0.00030752
                     30,                 2.1259,                 1.4378,                0.78349,                0.75275,                0.45363,                0.52874,                0.23741,                 1.8435,                  1.028,                0.80913,             0.00030575,             0.00030575,             0.00030575
                     31,                 2.1348,                 1.4018,                0.79417,                0.73002,                0.47303,                0.53776,                0.22622,                 1.9051,                0.99265,                0.80805,             0.00030399,             0.00030399,             0.00030399
                     32,                 2.1091,                 1.3804,                 0.7945,                0.77286,                 0.4739,                0.54054,                0.23303,                 1.8906,                 1.0075,                0.81025,             0.00030222,             0.00030222,             0.00030222
                     33,                 2.0968,                 1.3418,                0.78748,                0.78897,                0.48075,                0.55349,                0.23557,                 1.9266,                 1.0051,                0.81348,             0.00030045,             0.00030045,             0.00030045
                     34,                 2.1281,                 1.3412,                0.78773,                0.82488,                0.49845,                 0.5686,                0.25204,                 1.8075,                0.93137,                0.80832,             0.00029868,             0.00029868,             0.00029868
                     35,                 2.0795,                 1.2807,                0.78395,                0.76115,                0.44266,                0.52068,                0.19959,                 2.0474,                 1.1034,                0.81597,             0.00029692,             0.00029692,             0.00029692
                     36,                  2.073,                 1.2618,                0.78561,                0.82082,                0.51495,                0.57532,                0.25042,                 1.8578,                0.90467,                0.80688,             0.00029515,             0.00029515,             0.00029515
                     37,                 2.0727,                 1.2433,                0.78141,                0.81439,                0.49733,                0.57093,                 0.2458,                 1.8619,                0.94229,                0.80781,             0.00029338,             0.00029338,             0.00029338
                     38,                  2.041,                 1.2181,                0.78653,                0.80433,                0.54041,                0.59764,                0.25514,                 1.8407,                0.87351,                0.80766,             0.00029162,             0.00029162,             0.00029162
                     39,                 2.0782,                 1.2198,                0.78817,                0.86603,                0.53477,                0.60505,                0.26526,                 1.8276,                0.86301,                0.80682,             0.00028985,             0.00028985,             0.00028985
                     40,                 2.0673,                   1.19,                0.78276,                0.79819,                0.52527,                 0.5942,                0.26103,                  1.823,                0.86327,                 0.8059,             0.00028808,             0.00028808,             0.00028808
                     41,                 2.0725,                 1.1945,                0.78835,                0.81732,                0.52498,                0.59523,                0.26459,                 1.8343,                0.90762,                0.80549,             0.00028631,             0.00028631,             0.00028631
                     42,                 2.0663,                 1.1658,                0.77842,                0.84609,                0.53795,                0.60414,                0.25344,                 1.8982,                0.87858,                0.80767,             0.00028455,             0.00028455,             0.00028455
                     43,                 2.0383,                 1.1617,                0.78451,                0.87005,                0.53195,                0.60014,                0.25257,                 1.9038,                0.87333,                0.80445,             0.00028278,             0.00028278,             0.00028278
                     44,                 2.0966,                 1.1601,                0.78232,                0.80529,                0.54889,                 0.6009,                 0.2566,                 1.8791,                0.86039,                0.80858,             0.00028101,             0.00028101,             0.00028101
                     45,                 2.0955,                 1.1375,                0.78456,                0.85227,                 0.5472,                0.60937,                0.25792,                 1.8939,                0.85095,                 0.8011,             0.00027925,             0.00027925,             0.00027925
                     46,                 2.0128,                  1.081,                0.77744,                0.87302,                0.54529,                 0.6041,                0.25189,                 1.8623,                0.82416,                0.80459,             0.00027748,             0.00027748,             0.00027748
                     47,                 2.0306,                 1.0924,                0.77997,                 0.8694,                  0.564,                0.61449,                0.26459,                 1.8598,                0.78687,                0.80313,             0.00027571,             0.00027571,             0.00027571
                     48,                 2.0114,                 1.0761,                0.77634,                0.82801,                0.54643,                0.60142,                0.26114,                 1.8371,                0.84033,                0.80229,             0.00027394,             0.00027394,             0.00027394
                     49,                 2.0062,                 1.0756,                0.77889,                0.88609,                0.55785,                0.61619,                0.27414,                 1.8238,                0.81196,                 0.8036,             0.00027218,             0.00027218,             0.00027218
                     50,                 2.0398,                 1.0832,                 0.7729,                0.84361,                0.55658,                0.61313,                0.25807,                 1.8679,                0.79101,                0.80501,             0.00027041,             0.00027041,             0.00027041
                     51,                 2.0037,                 1.0682,                0.77872,                0.88005,                0.54459,                0.62208,                0.27603,                 1.8024,                0.79327,                0.80268,             0.00026864,             0.00026864,             0.00026864
                     52,                 2.0481,                  1.062,                0.77727,                0.82508,                0.56137,                0.61114,                0.24992,                 1.9157,                0.77138,                0.80569,             0.00026688,             0.00026688,             0.00026688
                     53,                 1.9963,                 1.0377,                0.77084,                0.90988,                0.58533,                0.63622,                0.26881,                 1.8245,                0.76712,                0.80328,             0.00026511,             0.00026511,             0.00026511
                     54,                  2.023,                 1.0394,                0.78329,                0.88959,                0.57229,                0.63004,                 0.2769,                  1.813,                 0.7711,                0.80317,             0.00026334,             0.00026334,             0.00026334
                     55,                 2.0025,                 1.0184,                0.77158,                0.85934,                0.57872,                0.63296,                0.27825,                 1.7914,                0.73118,                0.80609,             0.00026157,             0.00026157,             0.00026157
                     56,                 1.9793,                0.99888,                0.77002,                0.86145,                0.57584,                0.63644,                0.28618,                 1.7695,                0.73804,                0.80163,             0.00025981,             0.00025981,             0.00025981
                     57,                 1.9782,                0.98386,                0.77497,                 0.8768,                 0.5764,                0.62317,                0.27386,                 1.8086,                0.75702,                0.80171,             0.00025804,             0.00025804,             0.00025804
                     58,                 1.9719,                0.99837,                 0.7718,                0.87396,                0.58927,                0.63772,                0.27705,                  1.814,                0.72746,                0.80266,             0.00025627,             0.00025627,             0.00025627
                     59,                  2.002,                0.99092,                 0.7708,                0.90526,                 0.6037,                0.66092,                0.28887,                  1.761,                0.72888,                0.80156,             0.00025451,             0.00025451,             0.00025451
                     60,                 2.0028,                0.99412,                 0.7734,                0.90125,                0.59513,                0.66072,                0.29207,                 1.7543,                0.70908,                0.80129,             0.00025274,             0.00025274,             0.00025274
                     61,                 1.9815,                0.97551,                0.76569,                0.87409,                0.60236,                0.65681,                0.29588,                 1.7732,                0.68919,                0.80389,             0.00025097,             0.00025097,             0.00025097
                     62,                 1.9724,                0.96757,                0.77639,                0.87922,                0.58646,                0.64614,                0.27977,                 1.7943,                0.73992,                0.80077,              0.0002492,              0.0002492,              0.0002492
                     63,                 1.9721,                0.96514,                0.77167,                0.88108,                0.60168,                0.64491,                0.29274,                 1.7686,                 0.6872,                0.80226,             0.00024744,             0.00024744,             0.00024744
                     64,                  1.998,                0.95034,                0.77091,                0.90649,                0.59056,                0.65649,                0.28157,                  1.826,                0.75144,                0.80568,             0.00024567,             0.00024567,             0.00024567
                     65,                 1.9967,                 0.9619,                0.77364,                 0.8841,                0.60958,                0.66229,                0.29757,                 1.7421,                0.69153,                0.79933,              0.0002439,              0.0002439,              0.0002439
                     66,                 1.9488,                0.93344,                0.77235,                0.87761,                0.61719,                 0.6639,                0.29846,                 1.7412,                0.69769,                0.80137,             0.00024214,             0.00024214,             0.00024214
                     67,                 1.9486,                  0.936,                0.76773,                0.89728,                 0.6155,                0.66378,                0.28834,                  1.788,                0.69286,                0.80116,             0.00024037,             0.00024037,             0.00024037
                     68,                  1.942,                0.93387,                0.77182,                0.90146,                0.61741,                 0.6636,                0.30336,                 1.7304,                0.68784,                0.80069,              0.0002386,              0.0002386,              0.0002386
                     69,                  1.948,                0.92173,                0.76797,                 0.8974,                0.59322,                 0.6565,                0.27974,                 1.8404,                0.74914,                 0.8027,             0.00023683,             0.00023683,             0.00023683
                     70,                 1.9721,                   0.94,                0.76918,                 0.9027,                 0.6296,                0.67742,                0.30748,                 1.7168,                0.66422,                0.79887,             0.00023507,             0.00023507,             0.00023507
                     71,                 1.9509,                0.92117,                0.77274,                0.91512,                0.62929,                0.68355,                0.30025,                 1.7354,                0.67826,                0.79983,              0.0002333,              0.0002333,              0.0002333
                     72,                  1.963,                0.92535,                0.77225,                0.90512,                0.61803,                0.66966,                0.29306,                 1.7527,                0.68937,                    0.8,             0.00023153,             0.00023153,             0.00023153
                     73,                 1.9158,                0.88802,                0.77169,                0.90465,                0.61878,                0.67308,                0.30307,                 1.7306,                0.66339,                0.80309,             0.00022977,             0.00022977,             0.00022977
                     74,                 1.9373,                0.90187,                0.76981,                0.88757,                0.60647,                0.66493,                0.30362,                 1.7388,                0.71283,                0.79924,               0.000228,               0.000228,               0.000228
                     75,                 1.9337,                0.91854,                 0.7712,                0.89656,                0.61469,                0.66738,                0.29753,                 1.7321,                0.67299,                0.80093,             0.00022623,             0.00022623,             0.00022623
                     76,                 1.9249,                0.90611,                 0.7732,                0.90458,                 0.6162,                 0.6714,                0.29324,                 1.7627,                0.68598,                0.80068,             0.00022446,             0.00022446,             0.00022446
                     77,                 1.9525,                0.91518,                0.77062,                0.90761,                0.62401,                0.68104,                0.30262,                 1.7489,                0.68419,                0.80096,              0.0002227,              0.0002227,              0.0002227
                     78,                 1.9241,                0.89028,                0.76496,                0.88712,                0.62541,                0.68237,                0.31007,                 1.7192,                0.66926,                0.79782,             0.00022093,             0.00022093,             0.00022093
                     79,                 1.9184,                0.88955,                0.77421,                0.89476,                0.62496,                0.67862,                  0.314,                  1.679,                0.65254,                0.79802,             0.00021916,             0.00021916,             0.00021916
                     80,                 1.9047,                0.88547,                0.76233,                0.91719,                0.62901,                0.68623,                 0.3076,                 1.7403,                0.69308,                0.80053,              0.0002174,              0.0002174,              0.0002174
                     81,                 1.9284,                0.88407,                0.77014,                0.91716,                0.62978,                0.68736,                0.31329,                 1.7084,                0.64893,                0.79962,             0.00021563,             0.00021563,             0.00021563
                     82,                 1.8957,                0.87656,                 0.7633,                0.90232,                0.62523,                0.67383,                0.30235,                 1.6964,                0.65267,                0.80151,             0.00021386,             0.00021386,             0.00021386
                     83,                 1.9028,                 0.8733,                0.77281,                0.91153,                0.62803,                 0.6883,                0.30903,                 1.6995,                0.66678,                0.79958,             0.00021209,             0.00021209,             0.00021209
                     84,                 1.8996,                0.87699,                0.77164,                0.89339,                0.60761,                0.65522,                0.26042,                 1.9141,                 0.7084,                0.80684,             0.00021033,             0.00021033,             0.00021033
                     85,                 1.9236,                0.87541,                0.76542,                0.87743,                0.62251,                 0.6668,                0.30751,                  1.723,                0.65622,                0.80012,             0.00020856,             0.00020856,             0.00020856
                     86,                 1.9168,                0.86626,                0.76897,                0.89907,                0.63773,                0.68218,                0.30901,                 1.7026,                0.65442,                0.79985,             0.00020679,             0.00020679,             0.00020679
                     87,                 1.8888,                 0.8509,                0.76824,                0.91668,                0.64111,                0.69482,                0.31941,                 1.6748,                0.65103,                0.79818,             0.00020503,             0.00020503,             0.00020503
                     88,                 1.8857,                0.85425,                0.77213,                0.92214,                0.64105,                0.70244,                0.32855,                 1.6623,                0.65015,                0.79924,             0.00020326,             0.00020326,             0.00020326
                     89,                 1.8829,                0.85692,                0.76952,                0.91586,                0.64444,                0.69954,                0.32311,                 1.6672,                0.64283,                0.79801,             0.00020149,             0.00020149,             0.00020149
                     90,                 1.8957,                0.86285,                0.76387,                0.90099,                0.64392,                0.70531,                0.32726,                  1.679,                 0.6539,                0.79843,             0.00019972,             0.00019972,             0.00019972
                     91,                 1.8875,                0.85498,                0.76563,                0.89816,                0.63033,                0.68014,                0.30172,                 1.7653,                0.66341,                0.79792,             0.00019796,             0.00019796,             0.00019796
                     92,                 1.8684,                0.85559,                0.76405,                0.91777,                0.64796,                0.70685,                0.32375,                 1.6821,                0.65367,                0.79592,             0.00019619,             0.00019619,             0.00019619
                     93,                 1.8673,                0.85132,                0.76627,                0.90713,                0.64071,                0.69999,                0.31463,                 1.7257,                0.65356,                0.79871,             0.00019442,             0.00019442,             0.00019442
                     94,                 1.8813,                0.84435,                0.76499,                0.90583,                0.64205,                0.69956,                0.31966,                 1.6645,                0.64286,                0.79853,             0.00019266,             0.00019266,             0.00019266
                     95,                 1.8494,                0.83763,                0.76394,                0.90205,                0.63855,                0.69994,                0.32655,                 1.6707,                0.63824,                0.79698,             0.00019089,             0.00019089,             0.00019089
                     96,                 1.8808,                0.85917,                0.76641,                0.89154,                0.62707,                0.67563,                0.29468,                 1.7388,                0.65672,                0.79845,             0.00018912,             0.00018912,             0.00018912
                     97,                 1.8615,                0.83796,                0.76697,                0.90463,                0.65159,                0.70134,                0.32719,                 1.6533,                0.63073,                0.79616,             0.00018735,             0.00018735,             0.00018735
                     98,                 1.8667,                 0.8336,                0.77192,                0.90742,                0.64261,                0.69282,                0.31233,                 1.6963,                0.64662,                0.79641,             0.00018559,             0.00018559,             0.00018559
                     99,                 1.8599,                0.84169,                0.76504,                0.89511,                0.62718,                0.68219,                0.29987,                 1.7612,                0.67017,                0.79963,             0.00018382,             0.00018382,             0.00018382
                    100,                 1.8488,                0.83856,                0.76466,                0.89746,                0.65213,                0.70303,                0.32855,                 1.6582,                0.63585,                0.79808,             0.00018205,             0.00018205,             0.00018205
                    101,                 1.8608,                0.83508,                0.76557,                 0.8956,                0.63486,                0.69192,                0.32605,                 1.6574,                0.63782,                0.79733,             0.00018028,             0.00018028,             0.00018028
                    102,                  1.833,                0.81684,                0.77536,                0.90614,                0.64289,                 0.6992,                0.32827,                 1.6419,                0.63323,                0.79702,             0.00017852,             0.00017852,             0.00017852
                    103,                 1.8548,                0.83791,                0.76233,                 0.9025,                0.62612,                0.69379,                0.30727,                 1.7586,                0.68219,                0.79925,             0.00017675,             0.00017675,             0.00017675
                    104,                 1.8435,                0.81649,                0.77259,                0.89008,                0.64895,                0.69629,                0.33005,                 1.6218,                0.62735,                0.79599,             0.00017498,             0.00017498,             0.00017498
                    105,                  1.873,                0.83566,                0.76373,                 0.8981,                0.64481,                0.69858,                0.32677,                 1.6475,                 0.6264,                0.79864,             0.00017322,             0.00017322,             0.00017322
                    106,                 1.8366,                0.80069,                0.76574,                0.90271,                  0.644,                0.69867,                0.32469,                 1.6618,                 0.6293,                0.79676,             0.00017145,             0.00017145,             0.00017145
                    107,                 1.8613,                0.83944,                0.76181,                0.91857,                0.64613,                0.70805,                0.32371,                 1.6857,                 0.6436,                0.79689,             0.00016968,             0.00016968,             0.00016968
                    108,                 1.8327,                 0.8112,                0.76725,                0.90046,                0.63605,                0.69537,                0.31545,                 1.6927,                0.64847,                0.79767,             0.00016791,             0.00016791,             0.00016791
                    109,                 1.8394,                0.82258,                0.76411,                0.91886,                0.64593,                0.71048,                0.33041,                  1.669,                  0.627,                 0.7972,             0.00016615,             0.00016615,             0.00016615
                    110,                 1.8343,                0.82745,                0.76593,                0.91463,                0.62942,                0.70458,                0.33283,                 1.6445,                0.65625,                0.79689,             0.00016438,             0.00016438,             0.00016438
                    111,                 1.7975,                0.79806,                0.76705,                0.91003,                0.64441,                0.70004,                0.32092,                 1.6801,                0.63295,                0.79578,             0.00016261,             0.00016261,             0.00016261
                    112,                 1.8143,                0.80445,                0.76416,                0.90809,                0.63972,                0.69646,                0.32821,                 1.6419,                0.62504,                0.79602,             0.00016085,             0.00016085,             0.00016085
                    113,                 1.8509,                0.80951,                0.76998,                0.91677,                0.62592,                0.69444,                0.31883,                 1.6813,                0.65348,                0.79577,             0.00015908,             0.00015908,             0.00015908
                    114,                  1.836,                0.81765,                 0.7617,                0.90865,                0.63578,                0.69895,                0.31402,                 1.7132,                0.65001,                0.79895,             0.00015731,             0.00015731,             0.00015731
                    115,                 1.8253,                0.79689,                0.76366,                0.91532,                0.64569,                0.71222,                 0.3417,                 1.6322,                0.62646,                0.79706,             0.00015554,             0.00015554,             0.00015554
                    116,                 1.8235,                0.80439,                0.76381,                0.91632,                0.64028,                0.70673,                0.31621,                 1.7196,                0.65434,                0.79822,             0.00015378,             0.00015378,             0.00015378
                    117,                 1.8295,                0.80116,                0.76807,                0.90421,                0.65026,                0.70365,                0.33435,                 1.6249,                0.61776,                0.79545,             0.00015201,             0.00015201,             0.00015201
                    118,                 1.8183,                0.80582,                0.76981,                0.90614,                 0.6473,                 0.7085,                0.32443,                 1.6899,                0.64246,                0.79808,             0.00015024,             0.00015024,             0.00015024
                    119,                 1.8149,                0.79988,                0.76559,                0.90464,                0.64504,                0.70515,                0.33534,                  1.652,                0.62378,                0.79586,             0.00014848,             0.00014848,             0.00014848
                    120,                 1.8242,                0.80027,                0.76625,                0.90991,                0.65401,                0.71203,                0.33578,                 1.6537,                0.61914,                0.79681,             0.00014671,             0.00014671,             0.00014671
                    121,                 1.8097,                0.80381,                0.76539,                0.92592,                0.65691,                0.72287,                0.33709,                 1.6434,                0.62534,                0.79637,             0.00014494,             0.00014494,             0.00014494
                    122,                 1.8255,                0.79698,                0.76827,                0.93157,                0.65149,                0.72248,                0.33712,                 1.6319,                 0.6266,                0.79639,             0.00014317,             0.00014317,             0.00014317
                    123,                 1.7932,                0.79275,                0.76134,                0.91661,                0.64879,                0.71174,                0.31818,                  1.706,                0.64667,                0.79702,             0.00014141,             0.00014141,             0.00014141
                    124,                 1.8105,                0.79119,                0.76182,                0.90074,                0.64806,                0.71272,                0.33949,                 1.6292,                0.62613,                0.79444,             0.00013964,             0.00013964,             0.00013964
                    125,                 1.8006,                0.77887,                0.76885,                0.91742,                 0.6491,                0.71504,                0.33033,                 1.6527,                0.63073,                 0.7945,             0.00013787,             0.00013787,             0.00013787
                    126,                 1.7963,                0.79128,                0.76306,                0.91886,                0.64526,                0.70775,                0.31617,                 1.7116,                0.63729,                0.79765,             0.00013611,             0.00013611,             0.00013611
                    127,                   1.83,                0.80455,                0.76284,                0.92191,                0.65706,                0.71736,                0.34063,                 1.6241,                0.62171,                0.79519,             0.00013434,             0.00013434,             0.00013434
                    128,                 1.8145,                0.79786,                0.76141,                0.92745,                0.65303,                0.71258,                0.32706,                 1.6712,                0.63025,                0.79594,             0.00013257,             0.00013257,             0.00013257
                    129,                 1.8164,                0.80496,                0.76605,                0.92971,                0.65381,                0.71612,                0.33433,                 1.6527,                0.63647,                0.79637,              0.0001308,              0.0001308,              0.0001308
                    130,                 1.8094,                0.78065,                0.76823,                 0.9166,                 0.6667,                0.72022,                0.33595,                 1.6356,                 0.6239,                0.79494,             0.00012904,             0.00012904,             0.00012904
                    131,                 1.8093,                0.79695,                0.76412,                0.91432,                0.65945,                0.71239,                0.33558,                 1.6452,                0.62845,                 0.7943,             0.00012727,             0.00012727,             0.00012727
                    132,                 1.7903,                0.78547,                0.76498,                0.90287,                0.64502,                0.70207,                0.33773,                 1.6329,                0.62585,                 0.7951,              0.0001255,              0.0001255,              0.0001255
                    133,                 1.7875,                0.77833,                0.76583,                0.89265,                0.64332,                0.69661,                0.33423,                 1.6284,                0.62259,                0.79451,             0.00012374,             0.00012374,             0.00012374
                    134,                 1.7913,                0.78641,                0.76404,                0.90877,                 0.6486,                 0.7173,                0.34035,                  1.644,                 0.6288,                0.79396,             0.00012197,             0.00012197,             0.00012197
                    135,                  1.764,                0.77067,                0.76294,                0.91748,                0.65207,                0.72065,                0.34163,                 1.6091,                0.62052,                0.79327,              0.0001202,              0.0001202,              0.0001202
                    136,                 1.7828,                0.78171,                0.76361,                0.90507,                0.64622,                0.70183,                0.32707,                 1.6535,                0.61686,                0.79405,             0.00011843,             0.00011843,             0.00011843
                    137,                 1.8217,                0.80499,                0.75672,                0.91452,                 0.6345,                 0.7097,                0.31646,                 1.7112,                0.66647,                0.79783,             0.00011667,             0.00011667,             0.00011667
                    138,                 1.8111,                0.79849,                0.75692,                0.89864,                0.64979,                0.71597,                0.33947,                 1.6352,                0.62546,                0.79454,              0.0001149,              0.0001149,              0.0001149
                    139,                 1.8012,                0.78037,                0.76213,                0.90058,                0.64822,                0.70646,                0.31925,                 1.6785,                0.63409,                0.79655,             0.00011313,             0.00011313,             0.00011313
                    140,                 1.7927,                0.78169,                 0.7629,                0.90988,                0.64837,                0.70749,                0.33422,                  1.624,                0.61819,                0.79621,             0.00011137,             0.00011137,             0.00011137
                    141,                 1.7798,                0.77339,                0.75638,                 0.9051,                0.64601,                0.70992,                0.32185,                 1.6878,                0.62723,                0.79712,              0.0001096,              0.0001096,              0.0001096
                    142,                 1.7715,                0.76472,                0.75678,                0.90728,                0.65157,                0.71907,                0.34277,                 1.6191,                0.61546,                0.79494,             0.00010783,             0.00010783,             0.00010783
                    143,                 1.8059,                0.80488,                0.76411,                0.91093,                0.64725,                 0.7134,                0.32608,                 1.6684,                0.63075,                0.79431,             0.00010606,             0.00010606,             0.00010606
                    144,                 1.7985,                0.78502,                  0.764,                0.91212,                0.65853,                0.71697,                 0.3406,                 1.6181,                0.61372,                0.79521,              0.0001043,              0.0001043,              0.0001043
                    145,                  1.777,                0.77232,                0.75857,                0.90888,                0.66063,                0.72052,                0.33859,                 1.6313,                0.62234,                0.79514,             0.00010253,             0.00010253,             0.00010253
                    146,                 1.8104,                0.78507,                0.77157,                0.92382,                0.65914,                 0.7245,                0.34171,                 1.6284,                0.61735,                0.79599,             0.00010076,             0.00010076,             0.00010076
                    147,                 1.7547,                0.75734,                0.76264,                0.91287,                0.65986,                0.71889,                0.34057,                  1.604,                 0.6119,                0.79489,             9.8996e-05,             9.8996e-05,             9.8996e-05
                    148,                  1.792,                0.78648,                0.76534,                0.90746,                0.65297,                0.71856,                0.34056,                 1.6147,                0.60626,                0.79475,             9.7229e-05,             9.7229e-05,             9.7229e-05
                    149,                 1.7769,                0.77711,                0.76502,                0.90662,                0.64785,                 0.7146,                 0.3398,                 1.6279,                0.61003,                0.79472,             9.5462e-05,             9.5462e-05,             9.5462e-05
                    150,                 1.7873,                0.77525,                0.76102,                0.90976,                0.65639,                0.72346,                0.34436,                 1.6177,                0.60435,                 0.7956,             9.3695e-05,             9.3695e-05,             9.3695e-05
                    151,                 1.8001,                0.78427,                0.76071,                0.91133,                0.65482,                0.72404,                0.34694,                 1.6132,                0.60276,                0.79419,             9.1927e-05,             9.1927e-05,             9.1927e-05
                    152,                 1.7729,                0.77935,                0.76538,                0.91601,                0.66115,                0.72816,                 0.3393,                 1.6362,                 0.6136,                0.79506,              9.016e-05,              9.016e-05,              9.016e-05
                    153,                 1.7855,                0.77307,                0.76006,                0.92369,                0.66362,                0.72686,                0.33951,                 1.6259,                0.61895,                0.79548,             8.8393e-05,             8.8393e-05,             8.8393e-05
                    154,                 1.7889,                0.77257,                 0.7666,                0.90596,                0.65545,                 0.7182,                0.34439,                    1.6,                0.60772,                0.79375,             8.6626e-05,             8.6626e-05,             8.6626e-05
                    155,                 1.7778,                0.76942,                0.76471,                 0.9114,                0.65131,                0.71431,                0.33404,                  1.637,                0.61675,                0.79375,             8.4859e-05,             8.4859e-05,             8.4859e-05
                    156,                 1.7969,                0.77811,                0.76415,                0.91979,                0.66078,                0.72787,                0.34821,                 1.6004,                0.60386,                0.79419,             8.3092e-05,             8.3092e-05,             8.3092e-05
                    157,                 1.7919,                0.77396,                0.76439,                0.91204,                0.64781,                0.71333,                0.34015,                 1.6209,                0.60736,                0.79381,             8.1325e-05,             8.1325e-05,             8.1325e-05
                    158,                 1.7746,                 0.7668,                0.75929,                 0.9036,                0.64774,                0.71172,                0.33685,                  1.627,                0.60492,                0.79499,             7.9557e-05,             7.9557e-05,             7.9557e-05
                    159,                 1.7656,                0.75499,                0.76192,                0.90747,                 0.6483,                0.71387,                0.34555,                 1.6207,                0.59469,                0.79632,              7.779e-05,              7.779e-05,              7.779e-05
                    160,                 1.7625,                0.75656,                0.76117,                0.90711,                0.64704,                 0.7101,                0.33745,                 1.6277,                0.60692,                0.79476,             7.6023e-05,             7.6023e-05,             7.6023e-05
                    161,                 1.7611,                 0.7528,                 0.7578,                0.90722,                0.64928,                0.71549,                 0.3328,                 1.6564,                0.61666,                0.79556,             7.4256e-05,             7.4256e-05,             7.4256e-05
                    162,                 1.7689,                0.76156,                0.76057,                0.90763,                0.65138,                0.71761,                0.33706,                 1.6409,                0.60701,                0.79375,             7.2489e-05,             7.2489e-05,             7.2489e-05
                    163,                 1.7888,                0.77599,                0.76159,                0.91172,                0.65197,                0.71862,                0.34164,                 1.6159,                0.59965,                0.79418,             7.0722e-05,             7.0722e-05,             7.0722e-05
                    164,                 1.7852,                0.76941,                0.76283,                0.91865,                0.63959,                0.71764,                0.34421,                 1.6263,                 0.6164,                0.79431,             6.8955e-05,             6.8955e-05,             6.8955e-05
                    165,                 1.7403,                  0.752,                0.76129,                0.90935,                0.64056,                0.71868,                0.34634,                 1.6161,                0.61089,                0.79378,             6.7187e-05,             6.7187e-05,             6.7187e-05
                    166,                 1.7679,                0.76765,                0.76376,                0.89917,                0.63963,                0.71027,                0.33844,                 1.6332,                0.61235,                0.79468,              6.542e-05,              6.542e-05,              6.542e-05
                    167,                 1.7733,                0.76102,                0.76231,                0.91014,                0.65124,                0.71791,                0.34396,                  1.618,                0.60136,                0.79489,             6.3653e-05,             6.3653e-05,             6.3653e-05
                    168,                 1.7732,                0.76611,                0.75488,                0.91177,                0.64617,                0.71429,                0.33433,                 1.6525,                0.61529,                0.79445,             6.1886e-05,             6.1886e-05,             6.1886e-05
                    169,                 1.7666,                 0.7653,                 0.7592,                0.91001,                0.64166,                0.71509,                0.32891,                 1.6731,                0.62578,                 0.7956,             6.0119e-05,             6.0119e-05,             6.0119e-05
                    170,                 1.7545,                0.75402,                0.76046,                 0.9144,                0.65061,                0.72364,                0.34654,                 1.5949,                0.60446,                0.79306,             5.8352e-05,             5.8352e-05,             5.8352e-05
                    171,                 1.7514,                0.75469,                0.76473,                0.90993,                0.65394,                 0.7182,                0.33976,                 1.6011,                0.60911,                0.79253,             5.6585e-05,             5.6585e-05,             5.6585e-05
                    172,                 1.7982,                0.78086,                0.75364,                0.91265,                0.65099,                0.71967,                0.34184,                 1.6252,                0.60892,                0.79338,             5.4817e-05,             5.4817e-05,             5.4817e-05
                    173,                 1.7485,                0.75163,                0.76553,                 0.9146,                 0.6514,                0.72357,                 0.3361,                 1.6407,                0.61513,                0.79402,              5.305e-05,              5.305e-05,              5.305e-05
                    174,                 1.7516,                0.75302,                0.75595,                0.90521,                0.64739,                  0.719,                0.34364,                  1.612,                  0.605,                0.79401,             5.1283e-05,             5.1283e-05,             5.1283e-05
                    175,                 1.7367,                0.74818,                0.76212,                0.91247,                0.65031,                0.72139,                0.33799,                 1.6395,                0.60975,                0.79465,             4.9516e-05,             4.9516e-05,             4.9516e-05
                    176,                 1.7413,                0.73808,                0.76514,                0.90421,                0.64647,                0.71672,                0.33788,                 1.6339,                0.60984,                0.79454,             4.7749e-05,             4.7749e-05,             4.7749e-05
                    177,                 1.7351,                0.73833,                0.76401,                0.90206,                0.64187,                0.71248,                0.34054,                 1.6171,                0.60907,                0.79396,             4.5982e-05,             4.5982e-05,             4.5982e-05
                    178,                  1.743,                0.75245,                0.76154,                0.90626,                0.65118,                0.71843,                 0.3436,                 1.5993,                0.60418,                0.79367,             4.4214e-05,             4.4214e-05,             4.4214e-05
                    179,                  1.747,                0.74701,                0.75944,                0.90532,                0.64868,                 0.7197,                0.34256,                 1.6176,                 0.6083,                0.79519,             4.2447e-05,             4.2447e-05,             4.2447e-05
                    180,                 1.7227,                0.74279,                0.76349,                0.91685,                0.64507,                  0.721,                0.33857,                 1.6425,                0.62244,                0.79505,              4.068e-05,              4.068e-05,              4.068e-05
                    181,                 1.7572,                 0.7627,                0.76024,                0.91438,                0.64539,                0.71817,                0.33723,                 1.6375,                0.61522,                0.79377,             3.8913e-05,             3.8913e-05,             3.8913e-05
                    182,                 1.7319,                0.74134,                0.76337,                0.91052,                0.64662,                0.71661,                0.33624,                 1.6364,                0.60911,                0.79369,             3.7146e-05,             3.7146e-05,             3.7146e-05
                    183,                 1.7296,                0.74524,                0.75943,                0.92224,                0.65412,                0.72508,                0.34499,                 1.6032,                0.60051,                 0.7936,             3.5379e-05,             3.5379e-05,             3.5379e-05
                    184,                 1.7552,                0.75051,                0.75927,                 0.9183,                0.65239,                0.72306,                0.34826,                 1.5989,                0.59982,                0.79352,             3.3612e-05,             3.3612e-05,             3.3612e-05
                    185,                 1.7336,                 0.7346,                0.76599,                0.91848,                0.65082,                0.72233,                0.34642,                 1.5957,                0.60701,                0.79277,             3.1844e-05,             3.1844e-05,             3.1844e-05
                    186,                 1.7178,                0.73338,                  0.768,                0.91661,                 0.6528,                0.72279,                0.34465,                 1.6002,                0.60779,                0.79299,             3.0077e-05,             3.0077e-05,             3.0077e-05
                    187,                 1.7621,                0.77007,                0.76121,                0.91533,                0.65103,                 0.7208,                0.33994,                 1.6334,                0.61404,                0.79445,              2.831e-05,              2.831e-05,              2.831e-05
                    188,                 1.7359,                0.73046,                0.75951,                0.91421,                0.64895,                 0.7222,                0.33609,                 1.6479,                0.61794,                0.79524,             2.6543e-05,             2.6543e-05,             2.6543e-05
                    189,                 1.7313,                0.74825,                0.75874,                0.91768,                0.65058,                0.72218,                0.34722,                 1.6066,                0.60843,                0.79418,             2.4776e-05,             2.4776e-05,             2.4776e-05
                    190,                 1.7428,                0.74082,                0.75486,                0.91353,                0.65217,                0.72157,                0.34867,                 1.5973,                0.60502,                0.79403,             2.3009e-05,             2.3009e-05,             2.3009e-05
                    191,                 1.7047,                0.72835,                 0.7635,                0.91653,                0.65427,                0.72863,                 0.3432,                 1.6269,                0.61119,                0.79463,             2.1242e-05,             2.1242e-05,             2.1242e-05
                    192,                 1.6935,                0.72289,                0.76884,                 0.9159,                0.65222,                0.73337,                0.33875,                 1.6602,                0.61819,                0.79626,             1.9474e-05,             1.9474e-05,             1.9474e-05
                    193,                 1.7054,                0.72932,                0.76995,                0.91525,                0.65599,                0.73395,                0.34199,                 1.6505,                0.61606,                0.79564,             1.7707e-05,             1.7707e-05,             1.7707e-05
                    194,                 1.6664,                0.69663,                0.76884,                0.91298,                0.65685,                 0.7344,                0.34432,                 1.6358,                0.61182,                0.79467,              1.594e-05,              1.594e-05,              1.594e-05
                    195,                 1.6999,                0.71326,                0.76794,                0.91441,                0.65606,                0.73381,                0.34794,                 1.6214,                0.60854,                0.79402,             1.4173e-05,             1.4173e-05,             1.4173e-05
                    196,                 1.6744,                0.70362,                0.77156,                0.91888,                0.65966,                0.73538,                0.35085,                 1.6071,                0.60467,                0.79349,             1.2406e-05,             1.2406e-05,             1.2406e-05
                    197,                 1.7223,                0.72502,                0.76317,                0.91604,                0.65793,                0.73388,                0.35043,                 1.6086,                0.60474,                0.79357,             1.0639e-05,             1.0639e-05,             1.0639e-05
                    198,                 1.6642,                0.68996,                0.76494,                0.91793,                 0.6585,                0.73409,                0.34943,                  1.614,                0.60648,                0.79369,             8.8715e-06,             8.8715e-06,             8.8715e-06
                    199,                 1.6884,                0.70645,                0.76702,                 0.9174,                 0.6579,                 0.7325,                 0.3481,                 1.6173,                0.60793,                0.79371,             7.1043e-06,             7.1043e-06,             7.1043e-06
                    200,                 1.6978,                0.70672,                0.77006,                0.92002,                  0.659,                0.73496,                 0.3474,                  1.621,                0.60912,                0.79379,             5.3372e-06,             5.3372e-06,             5.3372e-06
